timestamp,sede_id,sede,y,yhat,abs_residual,severity,es_fin_semana,fuera_horario,action
2025-09-01 11:00:00,UPTC_SOG,Sogamoso,187.36269947527003,22.108442,165.25425716875148,alta,False,False,Inspección técnica prioritaria: medir cargas por circuito/área; revisar equipos de alto consumo.
2024-09-27 08:00:00,UPTC_DUI,Duitama,183.6356839638762,24.173157,159.46252722559495,alta,False,False,Inspección técnica prioritaria: medir cargas por circuito/área; revisar equipos de alto consumo.
2025-10-28 11:00:00,UPTC_SOG,Sogamoso,169.34047724139822,18.801157,150.53932024371755,alta,False,False,Inspección técnica prioritaria: medir cargas por circuito/área; revisar equipos de alto consumo.
2025-09-22 14:00:00,UPTC_DUI,Duitama,171.44271352411556,21.945251,149.4974620592718,alta,False,False,Inspección técnica prioritaria: medir cargas por circuito/área; revisar equipos de alto consumo.
2024-09-24 11:00:00,UPTC_SOG,Sogamoso,171.67787893879242,22.852081,148.8257976399643,alta,False,False,Inspección técnica prioritaria: medir cargas por circuito/área; revisar equipos de alto consumo.
2025-04-08 11:00:00,UPTC_SOG,Sogamoso,168.13614526926523,22.115608,146.0205370539332,alta,False,False,Inspección técnica prioritaria: medir cargas por circuito/área; revisar equipos de alto consumo.
2025-04-09 14:00:00,UPTC_DUI,Duitama,159.98374422713417,15.662533,144.32121142073768,alta,False,False,Inspección técnica prioritaria: medir cargas por circuito/área; revisar equipos de alto consumo.
2025-10-21 07:00:00,UPTC_SOG,Sogamoso,162.72734073169752,18.677982,144.04935840137526,alta,False,False,Inspección técnica prioritaria: medir cargas por circuito/área; revisar equipos de alto consumo.
2024-12-05 09:00:00,UPTC_SOG,Sogamoso,151.68169246657243,16.90908,134.77261196120133,alta,False,False,Inspección técnica prioritaria: medir cargas por circuito/área; revisar equipos de alto consumo.
2024-10-18 08:00:00,UPTC_SOG,Sogamoso,151.04033224472647,20.292356,130.7479757536376,alta,False,False,Inspección técnica prioritaria: medir cargas por circuito/área; revisar equipos de alto consumo.
2025-04-24 16:00:00,UPTC_SOG,Sogamoso,151.061710918788,21.631239,129.43047198141008,alta,False,False,Inspección técnica prioritaria: medir cargas por circuito/área; revisar equipos de alto consumo.
2024-11-18 11:00:00,UPTC_SOG,Sogamoso,147.12090866677886,17.902899,129.2180098783267,alta,False,False,Inspección técnica prioritaria: medir cargas por circuito/área; revisar equipos de alto consumo.
2025-03-06 09:00:00,UPTC_SOG,Sogamoso,135.92560968322306,13.121515,122.8040944091752,alta,False,False,Inspección técnica prioritaria: medir cargas por circuito/área; revisar equipos de alto consumo.
2025-09-26 17:00:00,UPTC_SOG,Sogamoso,135.29137568606424,14.63876,120.65261607302713,media,False,False,"Monitorear patrón; si se repite, revisar operación y registrar causa."
2024-10-11 07:00:00,UPTC_SOG,Sogamoso,137.35085462065854,19.057053,118.29380200835385,media,False,False,"Monitorear patrón; si se repite, revisar operación y registrar causa."
2025-03-10 10:00:00,UPTC_DUI,Duitama,136.98029093692531,18.908665,118.07162623355617,media,False,False,"Monitorear patrón; si se repite, revisar operación y registrar causa."
2024-10-23 17:00:00,UPTC_SOG,Sogamoso,139.8379070364835,21.962177,117.87572975987217,media,False,False,"Monitorear patrón; si se repite, revisar operación y registrar causa."
2025-02-19 17:00:00,UPTC_DUI,Duitama,132.29123509276255,16.628693,115.66254246580942,media,False,False,"Monitorear patrón; si se repite, revisar operación y registrar causa."
2024-08-31 12:00:00,UPTC_DUI,Duitama,129.78993022756325,18.262594,111.52733600454079,media,True,False,"Verificar uso en fin de semana; validar actividades, horarios especiales o consumos anómalos."
2024-11-13 14:00:00,UPTC_DUI,Duitama,122.61382196757552,13.283588,109.33023355815169,media,False,False,"Monitorear patrón; si se repite, revisar operación y registrar causa."
2025-04-18 14:00:00,UPTC_DUI,Duitama,115.46621860633653,12.675793,102.79042591224473,media,False,False,"Monitorear patrón; si se repite, revisar operación y registrar causa."
2025-01-21 16:00:00,UPTC_SOG,Sogamoso,118.28107735777162,16.619478,101.66159913206361,media,False,False,"Monitorear patrón; si se repite, revisar operación y registrar causa."
2024-10-22 17:00:00,UPTC_DUI,Duitama,114.39015867857272,15.365842,99.02431681303317,media,False,False,"Monitorear patrón; si se repite, revisar operación y registrar causa."
2025-05-09 15:00:00,UPTC_DUI,Duitama,112.53021403521942,15.101196,97.42901774615692,media,False,False,"Monitorear patrón; si se repite, revisar operación y registrar causa."
2025-06-07 10:00:00,UPTC_SOG,Sogamoso,103.53691848000145,11.41766,92.11925872047996,media,True,False,"Verificar uso en fin de semana; validar actividades, horarios especiales o consumos anómalos."
2024-11-08 15:00:00,UPTC_DUI,Duitama,96.16127592877277,9.520869,86.64040667370685,media,False,False,"Monitorear patrón; si se repite, revisar operación y registrar causa."
2025-09-29 12:00:00,UPTC_DUI,Duitama,98.19937618930553,14.622487,83.57688912112926,media,False,False,"Monitorear patrón; si se repite, revisar operación y registrar causa."
2025-06-04 12:00:00,UPTC_SOG,Sogamoso,96.6886165556239,14.29978,82.38883666365612,media,False,False,"Monitorear patrón; si se repite, revisar operación y registrar causa."
2025-04-10 12:00:00,UPTC_SOG,Sogamoso,95.51278948223964,13.1688385,82.34395098126308,media,False,False,"Monitorear patrón; si se repite, revisar operación y registrar causa."
2025-02-22 07:00:00,UPTC_DUI,Duitama,90.37478148278468,10.897769,79.47701250848048,media,True,False,"Verificar uso en fin de semana; validar actividades, horarios especiales o consumos anómalos."
2025-04-16 12:00:00,UPTC_DUI,Duitama,90.88786966026144,12.968029,77.91984063804465,media,False,False,"Monitorear patrón; si se repite, revisar operación y registrar causa."
2025-09-10 18:00:00,UPTC_DUI,Duitama,86.58362994920626,9.961312,76.62231765519991,media,False,False,"Monitorear patrón; si se repite, revisar operación y registrar causa."
2024-11-15 13:00:00,UPTC_SOG,Sogamoso,85.208268584581,11.023928,74.18434089598237,media,False,False,"Monitorear patrón; si se repite, revisar operación y registrar causa."
2025-07-24 13:00:00,UPTC_DUI,Duitama,80.57622253791565,11.203727,69.372495769422,media,False,False,"Monitorear patrón; si se repite, revisar operación y registrar causa."
2025-07-28 16:00:00,UPTC_DUI,Duitama,78.44548135644958,9.316147,69.12933450586364,media,False,False,"Monitorear patrón; si se repite, revisar operación y registrar causa."
2025-10-14 19:00:00,UPTC_SOG,Sogamoso,77.81124735929079,9.159448,68.65179968930788,media,False,False,"Monitorear patrón; si se repite, revisar operación y registrar causa."
2024-11-05 11:00:00,UPTC_TUN,Tunja,73.763551736974,9.198823,64.5647287618153,media,False,False,"Monitorear patrón; si se repite, revisar operación y registrar causa."
2025-03-12 19:00:00,UPTC_DUI,Duitama,73.43574540136382,9.2982855,64.13745991704985,media,False,False,"Monitorear patrón; si se repite, revisar operación y registrar causa."
2025-09-12 10:00:00,UPTC_TUN,Tunja,74.49755287975327,10.393183,64.10437012523667,media,False,False,"Monitorear patrón; si se repite, revisar operación y registrar causa."
2025-03-26 12:00:00,UPTC_SOG,Sogamoso,74.15549409476876,10.1013775,64.05411660758614,media,False,False,"Monitorear patrón; si se repite, revisar operación y registrar causa."
2024-09-25 08:00:00,UPTC_TUN,Tunja,72.38106414766156,9.511171,62.86989280671918,media,False,False,"Monitorear patrón; si se repite, revisar operación y registrar causa."
2025-03-18 13:00:00,UPTC_SOG,Sogamoso,71.6399367801951,9.149179,62.490757321576936,media,False,False,"Monitorear patrón; si se repite, revisar operación y registrar causa."
2025-04-16 20:00:00,UPTC_SOG,Sogamoso,68.76094200657539,6.394528,62.3664140944355,baja,False,False,"Monitorear patrón; si se repite, revisar operación y registrar causa."
2025-09-01 08:00:00,UPTC_SOG,Sogamoso,25.243,87.41228,62.16927722167969,baja,False,False,"Monitorear patrón; si se repite, revisar operación y registrar causa."
2025-06-30 08:00:00,UPTC_DUI,Duitama,69.80137081090331,7.655953,62.14541788045287,baja,False,False,"Monitorear patrón; si se repite, revisar operación y registrar causa."
2024-10-29 20:00:00,UPTC_SOG,Sogamoso,70.59950797586718,8.676547,61.92296092539111,baja,False,False,"Monitorear patrón; si se repite, revisar operación y registrar causa."
2025-03-05 18:00:00,UPTC_SOG,Sogamoso,70.53537195368258,10.162414,60.37295835657565,baja,False,False,"Monitorear patrón; si se repite, revisar operación y registrar causa."
2024-09-17 07:00:00,UPTC_TUN,Tunja,69.85838060840074,9.797117,60.06126337512437,baja,False,False,"Monitorear patrón; si se repite, revisar operación y registrar causa."
2025-09-16 07:00:00,UPTC_CHI,Chiquinquirá,63.68707002930504,8.154399,55.532671111153185,baja,False,False,"Monitorear patrón; si se repite, revisar operación y registrar causa."
2024-09-03 15:00:00,UPTC_CHI,Chiquinquirá,63.75120605148964,8.290316,55.46089042343788,baja,False,False,"Monitorear patrón; si se repite, revisar operación y registrar causa."
2025-05-07 14:00:00,UPTC_CHI,Chiquinquirá,64.46382852020739,9.101355,55.36247392120836,baja,False,False,"Monitorear patrón; si se repite, revisar operación y registrar causa."
2024-10-29 14:00:00,UPTC_TUN,Tunja,60.6299196385059,6.200725,54.42919455992314,baja,False,False,"Monitorear patrón; si se repite, revisar operación y registrar causa."
2024-09-03 16:00:00,UPTC_CHI,Chiquinquirá,66.57319102761193,12.168371,54.4048198270504,baja,False,False,"Monitorear patrón; si se repite, revisar operación y registrar causa."
2025-10-29 14:00:00,UPTC_CHI,Chiquinquirá,59.09065510607557,5.520595,53.57006003237562,baja,False,False,"Monitorear patrón; si se repite, revisar operación y registrar causa."
2024-11-04 07:00:00,UPTC_CHI,Chiquinquirá,58.8911208148346,6.567636,52.323484801803595,baja,False,False,"Monitorear patrón; si se repite, revisar operación y registrar causa."
2025-02-05 16:00:00,UPTC_TUN,Tunja,59.34007297012678,7.9974775,51.34259543869368,baja,False,False,"Monitorear patrón; si se repite, revisar operación y registrar causa."
2024-12-02 16:00:00,UPTC_CHI,Chiquinquirá,50.99526386144197,2.8969665,48.098297404075026,baja,False,False,"Monitorear patrón; si se repite, revisar operación y registrar causa."
2025-04-09 11:00:00,UPTC_DUI,Duitama,-24.853,22.445736,47.298735931396486,baja,False,False,"Monitorear patrón; si se repite, revisar operación y registrar causa."
2025-09-05 14:00:00,UPTC_TUN,Tunja,53.21151973915416,6.157209,47.054310819629016,baja,False,False,"Monitorear patrón; si se repite, revisar operación y registrar causa."
2025-09-04 16:00:00,UPTC_DUI,Duitama,-25.919,21.03203,46.95103010559082,baja,False,False,"Monitorear patrón; si se repite, revisar operación y registrar causa."
2025-02-28 08:00:00,UPTC_CHI,Chiquinquirá,51.70076010547254,6.251153,45.449607113224005,baja,False,False,"Monitorear patrón; si se repite, revisar operación y registrar causa."
2025-01-31 07:00:00,UPTC_CHI,Chiquinquirá,51.608119184539234,6.248324,45.35979526715032,baja,False,False,"Monitorear patrón; si se repite, revisar operación y registrar causa."
2025-05-28 11:00:00,UPTC_SOG,Sogamoso,-21.964,23.13376,45.09776045227051,baja,False,False,"Monitorear patrón; si se repite, revisar operación y registrar causa."
2024-10-11 17:00:00,UPTC_TUN,Tunja,52.334994102631335,7.451197,44.88379695526195,baja,False,False,"Monitorear patrón; si se repite, revisar operación y registrar causa."
2024-10-04 20:00:00,UPTC_DUI,Duitama,51.86466327327762,8.370195,43.494467884483676,baja,False,False,"Monitorear patrón; si se repite, revisar operación y registrar causa."
2024-11-19 17:00:00,UPTC_SOG,Sogamoso,-19.469,18.994781,38.463781494140626,baja,False,False,"Monitorear patrón; si se repite, revisar operación y registrar causa."
2025-08-15 00:00:00,UPTC_SOG,Sogamoso,42.40816311339312,4.2266355,38.18152765730792,baja,False,True,"Monitorear patrón; si se repite, revisar operación y registrar causa."
2025-08-16 05:00:00,UPTC_SOG,Sogamoso,43.41296079428514,5.577069,37.83589198859056,baja,True,True,"Monitorear patrón; si se repite, revisar operación y registrar causa."
2025-07-18 18:00:00,UPTC_SOG,Sogamoso,43.13503803148522,5.43635,37.69868816271081,baja,False,False,"Monitorear patrón; si se repite, revisar operación y registrar causa."
2025-05-24 18:00:00,UPTC_SOG,Sogamoso,42.1943763727778,4.6154323,37.57894411035715,baja,True,False,"Monitorear patrón; si se repite, revisar operación y registrar causa."
2025-05-28 21:00:00,UPTC_SOG,Sogamoso,42.33690086652135,5.011689,37.325211680425156,baja,False,True,"Monitorear patrón; si se repite, revisar operación y registrar causa."
2025-02-26 11:00:00,UPTC_DUI,Duitama,-20.866,16.4082,37.274199310302734,baja,False,False,"Monitorear patrón; si se repite, revisar operación y registrar causa."
2024-09-16 01:00:00,UPTC_SOG,Sogamoso,42.64332852806998,5.37105,37.272278647088534,baja,False,True,"Monitorear patrón; si se repite, revisar operación y registrar causa."
2025-07-08 02:00:00,UPTC_SOG,Sogamoso,41.37486053375239,4.1133556,37.26150489715571,baja,False,True,"Monitorear patrón; si se repite, revisar operación y registrar causa."
2025-05-21 04:00:00,UPTC_SOG,Sogamoso,42.26563861964957,5.057292,37.208346635091466,baja,False,True,"Monitorear patrón; si se repite, revisar operación y registrar causa."
2025-02-08 18:00:00,UPTC_DUI,Duitama,40.9615395018961,3.8732,37.088339562168315,baja,True,False,"Monitorear patrón; si se repite, revisar operación y registrar causa."
2025-05-08 04:00:00,UPTC_DUI,Duitama,41.431870331249804,4.6299114,36.80195890852031,baja,False,True,"Monitorear patrón; si se repite, revisar operación y registrar causa."
2025-05-24 16:00:00,UPTC_SOG,Sogamoso,41.011423074706336,4.291945,36.719478094085,baja,True,False,"Monitorear patrón; si se repite, revisar operación y registrar causa."
2024-10-03 10:00:00,UPTC_DUI,Duitama,-18.249,18.31464,36.56364004516601,baja,False,False,"Monitorear patrón; si se repite, revisar operación y registrar causa."
2025-08-13 21:00:00,UPTC_SOG,Sogamoso,42.67895965150586,6.3491683,36.3297913508772,baja,False,True,"Monitorear patrón; si se repite, revisar operación y registrar causa."
2025-07-16 20:00:00,UPTC_DUI,Duitama,41.38198675843957,5.2314825,36.15050425264123,baja,False,False,"Monitorear patrón; si se repite, revisar operación y registrar causa."
2024-11-22 08:00:00,UPTC_DUI,Duitama,-18.264,17.582054,35.84605413818359,baja,False,False,"Monitorear patrón; si se repite, revisar operación y registrar causa."
2024-09-30 21:00:00,UPTC_SOG,Sogamoso,40.7691314353423,5.0837975,35.68533398050832,baja,False,True,"Monitorear patrón; si se repite, revisar operación y registrar causa."
2025-05-06 03:00:00,UPTC_DUI,Duitama,40.6123544922244,5.1336226,35.47873184589261,baja,False,True,"Monitorear patrón; si se repite, revisar operación y registrar causa."
2025-07-07 14:00:00,UPTC_TUN,Tunja,39.70019773226568,4.2810817,35.419116055782524,baja,False,False,"Monitorear patrón; si se repite, revisar operación y registrar causa."
2025-08-25 04:00:00,UPTC_SOG,Sogamoso,40.73350031190642,5.455872,35.27762825303801,baja,False,True,"Monitorear patrón; si se repite, revisar operación y registrar causa."
2025-10-20 16:00:00,UPTC_DUI,Duitama,-19.039,16.177685,35.21668478393555,baja,False,False,"Monitorear patrón; si se repite, revisar operación y registrar causa."
2025-09-20 14:00:00,UPTC_SOG,Sogamoso,39.92823692225536,4.830712,35.097525080672106,baja,True,False,"Monitorear patrón; si se repite, revisar operación y registrar causa."
2025-07-06 11:00:00,UPTC_SOG,Sogamoso,39.22274067822479,4.4558315,34.76690915051483,baja,True,False,"Monitorear patrón; si se repite, revisar operación y registrar causa."
2025-06-09 21:00:00,UPTC_DUI,Duitama,39.77858620382463,5.1244054,34.65418081976091,baja,False,True,"Monitorear patrón; si se repite, revisar operación y registrar causa."
2025-03-21 14:00:00,UPTC_CHI,Chiquinquirá,37.36992225955865,2.834024,34.53589830707452,baja,False,False,"Monitorear patrón; si se repite, revisar operación y registrar causa."
2025-05-22 05:00:00,UPTC_DUI,Duitama,38.852176994491565,5.0562162,33.795960754562365,baja,False,True,"Monitorear patrón; si se repite, revisar operación y registrar causa."
2025-06-27 08:00:00,UPTC_SOG,Sogamoso,38.502991984819865,4.7579,33.745091746782755,baja,False,False,"Monitorear patrón; si se repite, revisar operación y registrar causa."
2025-09-14 17:00:00,UPTC_DUI,Duitama,38.29633146889172,4.651073,33.645258489918334,baja,True,False,"Monitorear patrón; si se repite, revisar operación y registrar causa."
2025-08-03 05:00:00,UPTC_SOG,Sogamoso,38.13955452577382,4.494976,33.644578482072646,baja,True,True,"Monitorear patrón; si se repite, revisar operación y registrar causa."
2025-07-03 11:00:00,UPTC_TUN,Tunja,37.23452399050228,3.6619,33.57262394701473,baja,False,False,"Monitorear patrón; si se repite, revisar operación y registrar causa."
2025-08-24 12:00:00,UPTC_SOG,Sogamoso,38.90918679198898,5.3706985,33.53848833999313,baja,True,False,"Monitorear patrón; si se repite, revisar operación y registrar causa."
2025-08-03 20:00:00,UPTC_DUI,Duitama,38.79516719699414,5.3120923,33.48307489276441,baja,True,False,"Monitorear patrón; si se repite, revisar operación y registrar causa."
2025-07-03 20:00:00,UPTC_DUI,Duitama,38.2393216713943,5.116631,33.12269064035792,baja,False,False,"Monitorear patrón; si se repite, revisar operación y registrar causa."
2025-05-26 14:00:00,UPTC_SOG,Sogamoso,21.199,54.158302,32.95930230712891,baja,False,False,"Monitorear patrón; si se repite, revisar operación y registrar causa."
2025-04-26 06:00:00,UPTC_DUI,Duitama,38.51724443419423,5.5867834,32.93046102507558,baja,True,False,"Monitorear patrón; si se repite, revisar operación y registrar causa."
2025-07-26 21:00:00,UPTC_DUI,Duitama,38.01128248140462,5.162928,32.848354377003986,baja,True,True,"Monitorear patrón; si se repite, revisar operación y registrar causa."
2025-02-20 15:00:00,UPTC_SOG,Sogamoso,-16.252,16.584604,32.83660426330566,baja,False,False,"Monitorear patrón; si se repite, revisar operación y registrar causa."
2024-09-28 10:00:00,UPTC_CHI,Chiquinquirá,38.1110496270251,5.2909365,32.820113156993365,baja,True,False,"Monitorear patrón; si se repite, revisar operación y registrar causa."
2025-07-20 09:00:00,UPTC_DUI,Duitama,37.49106807924067,4.7487035,32.742364599473824,baja,True,False,"Monitorear patrón; si se repite, revisar operación y registrar causa."
2025-10-02 23:00:00,UPTC_SOG,Sogamoso,36.91384387957929,4.5116267,32.40221715915082,baja,False,True,"Monitorear patrón; si se repite, revisar operación y registrar causa."
2024-11-10 12:00:00,UPTC_SOG,Sogamoso,34.761724024051695,3.422686,31.33903792404559,baja,True,False,"Monitorear patrón; si se repite, revisar operación y registrar causa."
2025-10-08 10:00:00,UPTC_SOG,Sogamoso,20.443,51.31172,30.86872180175781,baja,False,False,"Monitorear patrón; si se repite, revisar operación y registrar causa."
2025-10-20 06:00:00,UPTC_SOG,Sogamoso,35.21067617934388,4.437699,30.772977338248907,baja,False,False,"Monitorear patrón; si se repite, revisar operación y registrar causa."
2025-10-15 19:00:00,UPTC_CHI,Chiquinquirá,34.14886870095443,3.5727818,30.576086899730676,baja,False,False,"Monitorear patrón; si se repite, revisar operación y registrar causa."
2024-10-09 18:00:00,UPTC_TUN,Tunja,33.56451827660588,3.1710823,30.393436018381394,baja,False,False,"Monitorear patrón; si se repite, revisar operación y registrar causa."
2025-08-30 09:00:00,UPTC_DUI,Duitama,-15.997,14.192204,30.189204475402832,baja,True,False,"Monitorear patrón; si se repite, revisar operación y registrar causa."
2024-10-11 06:00:00,UPTC_SOG,Sogamoso,35.23205485340541,5.077609,30.154445791210584,baja,False,False,"Monitorear patrón; si se repite, revisar operación y registrar causa."
2025-10-16 17:00:00,UPTC_SOG,Sogamoso,18.083,47.461563,29.378563110351564,baja,False,False,"Monitorear patrón; si se repite, revisar operación y registrar causa."
2025-01-25 14:00:00,UPTC_DUI,Duitama,32.78063356101636,3.8853612,28.895272366405763,baja,True,False,"Monitorear patrón; si se repite, revisar operación y registrar causa."
2025-02-28 23:00:00,UPTC_SOG,Sogamoso,32.90177938069838,4.1123776,28.789401737113174,baja,False,True,"Monitorear patrón; si se repite, revisar operación y registrar causa."
2025-01-18 23:00:00,UPTC_SOG,Sogamoso,32.52408947227797,4.1068535,28.41723598717055,baja,True,True,"Monitorear patrón; si se repite, revisar operación y registrar causa."
2025-02-03 15:00:00,UPTC_SOG,Sogamoso,-15.963,12.293252,28.256251991271974,baja,False,False,"Monitorear patrón; si se repite, revisar operación y registrar causa."
2025-03-18 13:00:00,UPTC_TUN,Tunja,32.11076844042168,4.1848583,27.925910118278125,baja,False,False,"Monitorear patrón; si se repite, revisar operación y registrar causa."
2025-09-11 16:00:00,UPTC_SOG,Sogamoso,0.0,27.524628,27.524627685546875,baja,False,False,"Monitorear patrón; si se repite, revisar operación y registrar causa."
2025-02-23 18:00:00,UPTC_SOG,Sogamoso,31.291252601396263,4.174169,27.117083537828147,baja,True,False,"Monitorear patrón; si se repite, revisar operación y registrar causa."
2025-10-09 20:00:00,UPTC_TUN,Tunja,29.545327553037787,2.6472971,26.89803040910163,baja,False,False,"Monitorear patrón; si se repite, revisar operación y registrar causa."
2025-02-19 21:00:00,UPTC_DUI,Duitama,30.97769871516046,4.2131314,26.76456728739557,baja,False,True,"Monitorear patrón; si se repite, revisar operación y registrar causa."
2024-11-23 08:00:00,UPTC_CHI,Chiquinquirá,31.74020475668845,5.1266603,26.613544409703586,baja,True,False,"Monitorear patrón; si se repite, revisar operación y registrar causa."
2024-12-28 13:00:00,UPTC_SOG,Sogamoso,29.03936560024819,2.7004972,26.338868449827046,baja,True,False,"Monitorear patrón; si se repite, revisar operación y registrar causa."
2024-11-30 10:00:00,UPTC_CHI,Chiquinquirá,31.65469006044232,5.3679023,26.286787781542174,baja,True,False,"Monitorear patrón; si se repite, revisar operación y registrar causa."
2024-11-02 21:00:00,UPTC_DUI,Duitama,30.3007073698786,4.0390997,26.26160767658026,baja,True,True,"Monitorear patrón; si se repite, revisar operación y registrar causa."
2025-03-30 04:00:00,UPTC_DUI,Duitama,29.303035913673757,3.3933733,25.909662662712453,baja,True,True,"Monitorear patrón; si se repite, revisar operación y registrar causa."
2024-11-29 06:00:00,UPTC_DUI,Duitama,29.951522360206905,4.2128344,25.738688001991573,baja,False,False,"Monitorear patrón; si se repite, revisar operación y registrar causa."
2024-12-31 13:00:00,UPTC_DUI,Duitama,28.51915119808423,2.788314,25.73083709400403,baja,False,False,"Monitorear patrón; si se repite, revisar operación y registrar causa."
2024-11-28 18:00:00,UPTC_TUN,Tunja,30.20806644894529,4.511401,25.696665272492652,baja,False,False,"Monitorear patrón; si se repite, revisar operación y registrar causa."
2024-11-25 03:00:00,UPTC_DUI,Duitama,29.181890093991736,3.5185068,25.663383328626136,baja,False,True,"Monitorear patrón; si se repite, revisar operación y registrar causa."
2025-05-27 10:00:00,UPTC_DUI,Duitama,0.0,25.556602,25.556602478027344,baja,False,False,"Monitorear patrón; si se repite, revisar operación y registrar causa."
2024-12-18 23:00:00,UPTC_SOG,Sogamoso,28.69018059057649,3.2716553,25.418525269455273,baja,False,True,"Monitorear patrón; si se repite, revisar operación y registrar causa."
2024-10-30 10:00:00,UPTC_SOG,Sogamoso,20.682,45.78934,25.107340972900392,baja,False,False,"Monitorear patrón; si se repite, revisar operación y registrar causa."
2024-10-26 12:00:00,UPTC_SOG,Sogamoso,-13.268,11.811416,25.079415672302247,baja,True,False,"Monitorear patrón; si se repite, revisar operación y registrar causa."
2024-10-15 07:00:00,UPTC_CHI,Chiquinquirá,7.637,32.399536,24.7625361328125,baja,False,False,"Monitorear patrón; si se repite, revisar operación y registrar causa."
2025-01-12 14:00:00,UPTC_SOG,Sogamoso,28.013189245294637,3.266535,24.746654201578206,baja,True,False,"Monitorear patrón; si se repite, revisar operación y registrar causa."
2024-12-26 04:00:00,UPTC_SOG,Sogamoso,27.75664515655624,3.2380624,24.518582774811854,baja,False,True,"Monitorear patrón; si se repite, revisar operación y registrar causa."
2024-11-12 12:00:00,UPTC_CHI,Chiquinquirá,28.69018059057649,4.2796545,24.410526087707836,baja,False,False,"Monitorear patrón; si se repite, revisar operación y registrar causa."
2025-09-15 18:00:00,UPTC_CHI,Chiquinquirá,27.45734371969479,3.1556668,24.301676891539273,baja,False,False,"Monitorear patrón; si se repite, revisar operación y registrar causa."
2025-09-29 08:00:00,UPTC_SOG,Sogamoso,0.0,24.290998,24.290998458862305,baja,False,False,"Monitorear patrón; si se repite, revisar operación y registrar causa."
2025-03-20 14:00:00,UPTC_DUI,Duitama,29.352919486483994,5.083689,24.269230273684922,baja,False,False,"Monitorear patrón; si se repite, revisar operación y registrar causa."
2024-11-19 22:00:00,UPTC_DUI,Duitama,28.16283996372536,4.0372124,24.12562759189919,baja,False,True,"Monitorear patrón; si se repite, revisar operación y registrar causa."
2024-12-30 09:00:00,UPTC_DUI,Duitama,27.57136331468963,3.6361015,23.935261830390925,baja,False,False,"Monitorear patrón; si se repite, revisar operación y registrar causa."
2024-10-11 22:00:00,UPTC_DUI,Duitama,27.61412066281269,3.745565,23.86855572522114,baja,False,True,"Monitorear patrón; si se repite, revisar operación y registrar causa."
2024-11-07 20:00:00,UPTC_DUI,Duitama,28.419384052463748,4.6435595,23.775824596592166,baja,False,False,"Monitorear patrón; si se repite, revisar operación y registrar causa."
2025-02-02 12:00:00,UPTC_SOG,Sogamoso,27.236430754392288,4.040509,23.1959215304543,baja,True,False,"Monitorear patrón; si se repite, revisar operación y registrar causa."
2024-10-14 08:00:00,UPTC_SOG,Sogamoso,21.807,44.78087,22.97386853027344,baja,False,False,"Monitorear patrón; si se repite, revisar operación y registrar causa."
2025-01-04 00:00:00,UPTC_DUI,Duitama,26.01784633288494,3.6248229,22.393023477889212,baja,True,True,"Monitorear patrón; si se repite, revisar operación y registrar causa."
2025-04-22 11:00:00,UPTC_SOG,Sogamoso,0.0,22.378147,22.37814712524414,baja,False,False,"Monitorear patrón; si se repite, revisar operación y registrar causa."
2024-09-16 17:00:00,UPTC_TUN,Tunja,8.833,31.16508,22.33207911682129,baja,False,False,"Monitorear patrón; si se repite, revisar operación y registrar causa."
2025-10-24 09:00:00,UPTC_SOG,Sogamoso,23.16,44.870937,21.71093734741211,baja,False,False,"Monitorear patrón; si se repite, revisar operación y registrar causa."
2025-07-08 16:00:00,UPTC_SOG,Sogamoso,-10.954,10.746818,21.700817588806153,baja,False,False,"Monitorear patrón; si se repite, revisar operación y registrar causa."
2025-07-18 08:00:00,UPTC_SOG,Sogamoso,-10.95,10.713358,21.66335792541504,baja,False,False,"Monitorear patrón; si se repite, revisar operación y registrar causa."
2025-06-19 15:00:00,UPTC_SOG,Sogamoso,-11.536,9.812678,21.34867833709717,baja,False,False,"Monitorear patrón; si se repite, revisar operación y registrar causa."
2025-07-05 15:00:00,UPTC_TUN,Tunja,23.488036568936938,2.8710742,20.616962369260424,baja,True,False,"Monitorear patrón; si se repite, revisar operación y registrar causa."
2025-08-05 15:00:00,UPTC_SOG,Sogamoso,-10.888,9.69548,20.583480346679686,baja,False,False,"Monitorear patrón; si se repite, revisar operación y registrar causa."
2025-03-31 15:00:00,UPTC_DUI,Duitama,18.191,38.75716,20.56616018676758,baja,False,False,"Monitorear patrón; si se repite, revisar operación y registrar causa."
2024-12-12 03:00:00,UPTC_DUI,Duitama,23.951241173603474,3.3903592,20.560882010319173,baja,False,True,"Monitorear patrón; si se repite, revisar operación y registrar causa."
2025-07-12 13:00:00,UPTC_TUN,Tunja,23.374016973942098,2.9673262,20.406690809696492,baja,True,False,"Monitorear patrón; si se repite, revisar operación y registrar causa."
2025-04-01 08:00:00,UPTC_DUI,Duitama,22.581,42.805187,20.224187225341797,baja,False,False,"Monitorear patrón; si se repite, revisar operación y registrar causa."
2024-10-15 10:00:00,UPTC_SOG,Sogamoso,21.682,41.452515,19.7705146484375,baja,False,False,"Monitorear patrón; si se repite, revisar operación y registrar causa."
2025-01-27 19:00:00,UPTC_SOG,Sogamoso,-9.971,8.68906,18.66006021118164,baja,False,False,"Monitorear patrón; si se repite, revisar operación y registrar causa."
2024-10-03 13:00:00,UPTC_DUI,Duitama,-9.577,8.797376,18.37437567901611,baja,False,False,"Monitorear patrón; si se repite, revisar operación y registrar causa."
2024-09-26 10:00:00,UPTC_CHI,Chiquinquirá,-8.951,9.264217,18.215217376708985,baja,False,False,"Monitorear patrón; si se repite, revisar operación y registrar causa."
2025-09-19 08:00:00,UPTC_TUN,Tunja,11.017,29.22291,18.205909927368165,baja,False,False,"Monitorear patrón; si se repite, revisar operación y registrar causa."
2025-10-14 15:00:00,UPTC_SOG,Sogamoso,0.0,18.163786,18.163785934448242,baja,False,False,"Monitorear patrón; si se repite, revisar operación y registrar causa."
2025-04-09 15:00:00,UPTC_CHI,Chiquinquirá,-9.043,8.632598,17.675597923278808,baja,False,False,"Monitorear patrón; si se repite, revisar operación y registrar causa."
2025-05-27 00:00:00,UPTC_TUN,Tunja,19.50447696880473,2.0011694,17.503307525674238,baja,False,True,"Monitorear patrón; si se repite, revisar operación y registrar causa."
2025-10-27 17:00:00,UPTC_TUN,Tunja,9.123,26.620441,17.49744143676758,baja,False,False,"Monitorear patrón; si se repite, revisar operación y registrar causa."
2024-10-01 17:00:00,UPTC_SOG,Sogamoso,0.0,17.39925,17.399250030517578,baja,False,False,"Monitorear patrón; si se repite, revisar operación y registrar causa."
2024-09-30 11:00:00,UPTC_CHI,Chiquinquirá,-8.458,8.727281,17.185280616760252,baja,False,False,"Monitorear patrón; si se repite, revisar operación y registrar causa."
2025-05-29 04:00:00,UPTC_TUN,Tunja,19.7681472822303,2.5951936,17.17295365773384,baja,False,True,"Monitorear patrón; si se repite, revisar operación y registrar causa."
2025-02-25 14:00:00,UPTC_DUI,Duitama,0.0,17.045845,17.04584503173828,baja,False,False,"Monitorear patrón; si se repite, revisar operación y registrar causa."
2025-03-25 16:00:00,UPTC_SOG,Sogamoso,0.0,16.904444,16.904443740844727,baja,False,False,"Monitorear patrón; si se repite, revisar operación y registrar causa."
2025-02-04 19:00:00,UPTC_CHI,Chiquinquirá,19.661253911922635,2.9919057,16.669348222683134,baja,False,False,"Monitorear patrón; si se repite, revisar operación y registrar causa."
2025-03-10 11:00:00,UPTC_TUN,Tunja,-8.402,8.183961,16.585960914611817,baja,False,False,"Monitorear patrón; si se repite, revisar operación y registrar causa."
2025-05-17 10:00:00,UPTC_DUI,Duitama,0.0,16.548111,16.548110961914062,baja,True,False,"Monitorear patrón; si se repite, revisar operación y registrar causa."
2025-02-06 15:00:00,UPTC_SOG,Sogamoso,0.0,16.137262,16.13726234436035,baja,False,False,"Monitorear patrón; si se repite, revisar operación y registrar causa."
2025-10-06 10:00:00,UPTC_DUI,Duitama,17.108,33.144127,16.036126892089843,baja,False,False,"Monitorear patrón; si se repite, revisar operación y registrar causa."
2024-12-04 10:00:00,UPTC_SOG,Sogamoso,22.734,6.753392,15.980607780456545,baja,False,False,"Monitorear patrón; si se repite, revisar operación y registrar causa."
2024-10-03 15:00:00,UPTC_DUI,Duitama,0.0,15.836251,15.836251258850098,baja,False,False,"Monitorear patrón; si se repite, revisar operación y registrar causa."
2024-09-09 01:00:00,UPTC_TUN,Tunja,17.59464875264117,2.0983438,15.496304903459041,baja,False,True,"Monitorear patrón; si se repite, revisar operación y registrar causa."
2025-08-30 02:00:00,UPTC_TUN,Tunja,17.7442994710719,2.2734823,15.47081714837903,baja,True,True,"Monitorear patrón; si se repite, revisar operación y registrar causa."
2024-09-24 00:00:00,UPTC_TUN,Tunja,17.7442994710719,2.3529904,15.391309082201662,baja,False,True,"Monitorear patrón; si se repite, revisar operación y registrar causa."
2024-11-29 03:00:00,UPTC_TUN,Tunja,16.83926893580036,1.7093403,15.12992860186176,baja,False,True,"Monitorear patrón; si se repite, revisar operación y registrar causa."
2025-08-08 03:00:00,UPTC_TUN,Tunja,17.494881607020687,2.3774312,15.117450452769589,baja,False,True,"Monitorear patrón; si se repite, revisar operación y registrar causa."
2025-03-31 19:00:00,UPTC_SOG,Sogamoso,-8.219,6.890328,15.109327930450439,baja,False,False,"Monitorear patrón; si se repite, revisar operación y registrar causa."
2024-09-24 10:00:00,UPTC_CHI,Chiquinquirá,-8.124,6.8187795,14.942779468536378,baja,False,False,"Monitorear patrón; si se repite, revisar operación y registrar causa."
2025-09-19 07:00:00,UPTC_SOG,Sogamoso,27.031,12.195011,14.835988861083983,baja,False,False,"Monitorear patrón; si se repite, revisar operación y registrar causa."
2025-08-22 07:00:00,UPTC_SOG,Sogamoso,26.919,12.137747,14.781253189086915,baja,False,False,"Monitorear patrón; si se repite, revisar operación y registrar causa."
2024-09-25 17:00:00,UPTC_SOG,Sogamoso,26.173,11.406003,14.766997001647947,baja,False,False,"Monitorear patrón; si se repite, revisar operación y registrar causa."
2025-07-11 00:00:00,UPTC_TUN,Tunja,16.853521385174716,2.2750084,14.578512945157016,baja,False,True,"Monitorear patrón; si se repite, revisar operación y registrar causa."
2024-10-29 10:00:00,UPTC_SOG,Sogamoso,20.933,35.511383,14.578383056640625,baja,False,False,"Monitorear patrón; si se repite, revisar operación y registrar causa."
2024-12-19 10:00:00,UPTC_TUN,Tunja,16.47583147675431,2.0555947,14.420236794060827,baja,False,False,"Monitorear patrón; si se repite, revisar operación y registrar causa."
2024-09-22 19:00:00,UPTC_TUN,Tunja,16.39031678050818,2.0777442,14.312572534979005,baja,True,False,"Monitorear patrón; si se repite, revisar operación y registrar causa."
2024-09-25 15:00:00,UPTC_DUI,Duitama,21.953,36.07578,14.122778961181641,baja,False,False,"Monitorear patrón; si se repite, revisar operación y registrar causa."
2025-08-22 05:00:00,UPTC_TUN,Tunja,16.1622775905185,2.081942,14.080335509067083,baja,False,True,"Monitorear patrón; si se repite, revisar operación y registrar causa."
2024-12-06 07:00:00,UPTC_SOG,Sogamoso,21.197,7.183952,14.013048145294189,baja,False,False,"Monitorear patrón; si se repite, revisar operación y registrar causa."
2024-09-17 17:00:00,UPTC_SOG,Sogamoso,25.31,11.442048,13.867951927185057,baja,False,False,"Monitorear patrón; si se repite, revisar operación y registrar causa."
2025-10-05 12:00:00,UPTC_TUN,Tunja,15.642063188354545,1.8218398,13.82022337893682,baja,True,False,"Monitorear patrón; si se repite, revisar operación y registrar causa."
2024-10-29 00:00:00,UPTC_TUN,Tunja,15.891481052405757,2.1124592,13.779021869666499,baja,False,True,"Monitorear patrón; si se repite, revisar operación y registrar causa."
2025-06-05 07:00:00,UPTC_DUI,Duitama,25.595,11.832706,13.762293548583983,baja,False,False,"Monitorear patrón; si se repite, revisar operación y registrar causa."
2025-06-02 10:00:00,UPTC_SOG,Sogamoso,25.725,11.984891,13.740109062194826,baja,False,False,"Monitorear patrón; si se repite, revisar operación y registrar causa."
2025-10-12 02:00:00,UPTC_TUN,Tunja,15.784587682098094,2.1059349,13.67865282377595,baja,True,True,"Monitorear patrón; si se repite, revisar operación y registrar causa."
2025-06-12 17:00:00,UPTC_SOG,Sogamoso,24.374,10.713833,13.66016714477539,baja,False,False,"Monitorear patrón; si se repite, revisar operación y registrar causa."
2024-10-27 14:00:00,UPTC_TUN,Tunja,14.993576741821396,1.386544,13.607032752639878,baja,True,False,"Monitorear patrón; si se repite, revisar operación y registrar causa."
2025-09-17 08:00:00,UPTC_SOG,Sogamoso,26.378,12.793277,13.584723213195801,baja,False,False,"Monitorear patrón; si se repite, revisar operación y registrar causa."
2025-10-25 01:00:00,UPTC_TUN,Tunja,15.763209008036563,2.2103105,13.5528985488996,baja,True,True,"Monitorear patrón; si se repite, revisar operación y registrar causa."
2025-09-09 11:00:00,UPTC_SOG,Sogamoso,27.674,14.204412,13.469587539672851,baja,False,False,"Monitorear patrón; si se repite, revisar operación y registrar causa."
2025-09-29 08:00:00,UPTC_CHI,Chiquinquirá,8.887,22.292484,13.405484283447265,baja,False,False,"Monitorear patrón; si se repite, revisar operación y registrar causa."
2025-03-14 07:00:00,UPTC_SOG,Sogamoso,17.757,31.11343,13.356430023193358,baja,False,False,"Monitorear patrón; si se repite, revisar operación y registrar causa."
2025-09-25 10:00:00,UPTC_SOG,Sogamoso,27.98,14.6444025,13.335597496032715,baja,False,False,"Monitorear patrón; si se repite, revisar operación y registrar causa."
2025-06-10 08:00:00,UPTC_SOG,Sogamoso,24.671,11.552548,13.118451591491699,baja,False,False,"Monitorear patrón; si se repite, revisar operación y registrar causa."
2025-04-07 07:00:00,UPTC_DUI,Duitama,24.516,37.61381,13.097811492919924,baja,False,False,"Monitorear patrón; si se repite, revisar operación y registrar causa."
2025-10-26 02:00:00,UPTC_TUN,Tunja,14.55887703590357,1.573646,12.985231086539862,baja,True,True,"Monitorear patrón; si se repite, revisar operación y registrar causa."
2024-12-25 17:00:00,UPTC-TUN,Tunja,14.858178472765022,1.8817233,12.976455188043648,baja,False,False,"Monitorear patrón; si se repite, revisar operación y registrar causa."
2024-12-05 15:00:00,UPTC_SOG,Sogamoso,19.352,6.41606,12.935940029144287,baja,False,False,"Monitorear patrón; si se repite, revisar operación y registrar causa."
2025-05-16 07:00:00,UPTC_DUI,Duitama,27.09,14.169497,12.920503463745117,baja,False,False,"Monitorear patrón; si se repite, revisar operación y registrar causa."
2024-12-05 17:00:00,UPTC_DUI,Duitama,19.341,6.4801955,12.860804477691651,baja,False,False,"Monitorear patrón; si se repite, revisar operación y registrar causa."
2024-08-29 10:00:00,UPTC_DUI,Duitama,0.0,12.858926,12.858925819396973,baja,False,False,"Monitorear patrón; si se repite, revisar operación y registrar causa."
2025-09-03 08:00:00,UPTC_SOG,Sogamoso,26.277,13.432447,12.844552566528321,baja,False,False,"Monitorear patrón; si se repite, revisar operación y registrar causa."
2025-06-11 10:00:00,UPTC_DUI,Duitama,25.794,13.012169,12.781831115722657,baja,False,False,"Monitorear patrón; si se repite, revisar operación y registrar causa."
2025-08-26 10:00:00,UPTC_DUI,Duitama,25.626,13.037832,12.588167739868165,baja,False,False,"Monitorear patrón; si se repite, revisar operación y registrar causa."
2025-08-28 09:00:00,UPTC_DUI,Duitama,24.807,12.278244,12.528755981445311,baja,False,False,"Monitorear patrón; si se repite, revisar operación y registrar causa."
2025-04-09 09:00:00,UPTC_SOG,Sogamoso,25.571,13.059541,12.51145925140381,baja,False,False,"Monitorear patrón; si se repite, revisar operación y registrar causa."
2024-10-25 10:00:00,UPTC_SOG,Sogamoso,21.72,34.22534,12.505341796875001,baja,False,False,"Monitorear patrón; si se repite, revisar operación y registrar causa."
2025-03-17 23:00:00,UPTC_TUN,Tunja,14.345090295288244,1.8748189,12.470271374199072,baja,False,True,"Monitorear patrón; si se repite, revisar operación y registrar causa."
2025-04-18 16:00:00,UPTC_DUI,Duitama,18.987,31.438913,12.451913345336916,baja,False,False,"Monitorear patrón; si se repite, revisar operación y registrar causa."
2025-07-28 02:00:00,UPTC_CHI,Chiquinquirá,-10.78197795169951,1.5605922,12.342570126229539,baja,False,True,"Monitorear patrón; si se repite, revisar operación y registrar causa."
2024-12-04 17:00:00,UPTC_SOG,Sogamoso,19.571,7.287846,12.283153911590578,baja,False,False,"Monitorear patrón; si se repite, revisar operación y registrar causa."
2025-06-06 11:00:00,UPTC_SOG,Sogamoso,24.491,12.209619,12.28138143157959,baja,False,False,"Monitorear patrón; si se repite, revisar operación y registrar causa."
2025-09-08 17:00:00,UPTC_DUI,Duitama,24.353,12.091514,12.261486366271974,baja,False,False,"Monitorear patrón; si se repite, revisar operación y registrar causa."
2025-09-02 08:00:00,UPTC_DUI,Duitama,26.606,14.372407,12.23359304046631,baja,False,False,"Monitorear patrón; si se repite, revisar operación y registrar causa."
2025-07-30 01:00:00,UPTC_SOG,Sogamoso,-6.132,6.08316,12.215159923553466,baja,False,True,"Monitorear patrón; si se repite, revisar operación y registrar causa."
2024-08-28 11:00:00,UPTC_DUI,Duitama,24.96,12.75223,12.207770309448243,baja,False,False,"Monitorear patrón; si se repite, revisar operación y registrar causa."
2025-04-10 11:00:00,UPTC_SOG,Sogamoso,24.818,12.621504,12.196496170043947,baja,False,False,"Monitorear patrón; si se repite, revisar operación y registrar causa."
2025-09-02 09:00:00,UPTC_DUI,Duitama,26.88,14.716389,12.16361129760742,baja,False,False,"Monitorear patrón; si se repite, revisar operación y registrar causa."
2025-09-08 10:00:00,UPTC_SOG,Sogamoso,25.933,13.780164,12.152836235046387,baja,False,False,"Monitorear patrón; si se repite, revisar operación y registrar causa."
2025-06-13 11:00:00,UPTC_DUI,Duitama,24.419,12.274824,12.144175857543946,baja,False,False,"Monitorear patrón; si se repite, revisar operación y registrar causa."
2025-06-05 10:00:00,UPTC_DUI,Duitama,25.081,12.967452,12.113547950744628,baja,False,False,"Monitorear patrón; si se repite, revisar operación y registrar causa."
2025-06-13 07:00:00,UPTC_DUI,Duitama,23.785,11.713235,12.071765098571777,baja,False,False,"Monitorear patrón; si se repite, revisar operación y registrar causa."
2024-08-28 08:00:00,UPTC_DUI,Duitama,23.904,11.836455,12.067544654846191,baja,False,False,"Monitorear patrón; si se repite, revisar operación y registrar causa."
2024-12-02 15:00:00,UPTC_SOG,Sogamoso,19.39,7.3528137,12.037186279296876,baja,False,False,"Monitorear patrón; si se repite, revisar operación y registrar causa."
2025-08-29 08:00:00,UPTC_SOG,Sogamoso,23.899,11.871782,12.027217697143556,baja,False,False,"Monitorear patrón; si se repite, revisar operación y registrar causa."
2025-04-15 10:00:00,UPTC_SOG,Sogamoso,25.812,13.829987,11.982013427734376,baja,False,False,"Monitorear patrón; si se repite, revisar operación y registrar causa."
2025-08-25 11:00:00,UPTC_SOG,Sogamoso,24.389,12.445471,11.943529190063476,baja,False,False,"Monitorear patrón; si se repite, revisar operación y registrar causa."
2024-09-10 16:00:00,UPTC_SOG,Sogamoso,24.711,12.768329,11.942671333312987,baja,False,False,"Monitorear patrón; si se repite, revisar operación y registrar causa."
2025-08-25 11:00:00,UPTC_DUI,Duitama,24.605,12.67996,11.925039749145508,baja,False,False,"Monitorear patrón; si se repite, revisar operación y registrar causa."
2024-09-04 14:00:00,UPTC_SOG,Sogamoso,24.958,13.048128,11.90987187194824,baja,False,False,"Monitorear patrón; si se repite, revisar operación y registrar causa."
2025-09-10 08:00:00,UPTC_SOG,Sogamoso,25.551,13.658576,11.892423988342284,baja,False,False,"Monitorear patrón; si se repite, revisar operación y registrar causa."
2025-04-21 14:00:00,UPTC_DUI,Duitama,26.023,14.137006,11.885994194030761,baja,False,False,"Monitorear patrón; si se repite, revisar operación y registrar causa."
2025-02-15 20:00:00,UPTC_TUN,Tunja,13.43293353532953,1.5480845,11.884849037877748,baja,True,False,"Monitorear patrón; si se repite, revisar operación y registrar causa."
2025-03-22 19:00:00,UPTC_TUN,Tunja,13.539826905637192,1.6852831,11.854543840794967,baja,True,False,"Monitorear patrón; si se repite, revisar operación y registrar causa."
2025-04-12 11:00:00,UPTC_SOG,Sogamoso,14.013,25.855776,11.842775833129883,baja,True,False,"Monitorear patrón; si se repite, revisar operación y registrar causa."
2024-09-05 17:00:00,UPTC_SOG,Sogamoso,23.477,11.640067,11.836932899475098,baja,False,False,"Monitorear patrón; si se repite, revisar operación y registrar causa."
2025-06-02 07:00:00,UPTC_SOG,Sogamoso,23.545,11.776037,11.768962783813478,baja,False,False,"Monitorear patrón; si se repite, revisar operación y registrar causa."
2025-07-17 20:00:00,UPTC_SOG,Sogamoso,-6.332,5.3420315,11.674031478881837,baja,False,False,"Monitorear patrón; si se repite, revisar operación y registrar causa."
2025-05-29 07:00:00,UPTC_SOG,Sogamoso,24.666,13.056971,11.609029403686524,baja,False,False,"Monitorear patrón; si se repite, revisar operación y registrar causa."
2024-09-11 14:00:00,UPTC_SOG,Sogamoso,24.621,13.055356,11.565643974304198,baja,False,False,"Monitorear patrón; si se repite, revisar operación y registrar causa."
2025-09-17 07:00:00,UPTC_SOG,Sogamoso,25.177,13.690868,11.486131622314453,baja,False,False,"Monitorear patrón; si se repite, revisar operación y registrar causa."
2025-06-09 09:00:00,UPTC_DUI,Duitama,24.128,12.655973,11.472026565551758,baja,False,False,"Monitorear patrón; si se repite, revisar operación y registrar causa."
2025-02-11 22:00:00,UPTC_TUN,Tunja,13.247651693462917,1.8113216,11.436330077290126,baja,False,True,"Monitorear patrón; si se repite, revisar operación y registrar causa."
2024-12-04 16:00:00,UPTC_SOG,Sogamoso,18.571,7.1393723,11.431627651214601,baja,False,False,"Monitorear patrón; si se repite, revisar operación y registrar causa."
2025-03-16 21:00:00,UPTC_TUN,Tunja,13.240525468775738,1.8214916,11.419033869692791,baja,True,True,"Monitorear patrón; si se repite, revisar operación y registrar causa."
2025-04-03 17:00:00,UPTC_SOG,Sogamoso,24.661,13.249263,11.411737190246583,baja,False,False,"Monitorear patrón; si se repite, revisar operación y registrar causa."
2024-09-12 08:00:00,UPTC_DUI,Duitama,25.212,13.800412,11.411587821960449,baja,False,False,"Monitorear patrón; si se repite, revisar operación y registrar causa."
2025-01-03 12:00:00,UPTC_TUN,Tunja,12.734563515986135,1.325878,11.408685491884878,baja,False,False,"Monitorear patrón; si se repite, revisar operación y registrar causa."
2025-04-03 20:00:00,UPTC_SOG,Sogamoso,0.0,11.390859,11.39085865020752,baja,False,False,"Monitorear patrón; si se repite, revisar operación y registrar causa."
2025-02-23 12:00:00,UPTC_TUN,Tunja,12.535029224745168,1.2055387,11.329490475050344,baja,True,False,"Monitorear patrón; si se repite, revisar operación y registrar causa."
2025-09-23 17:00:00,UPTC_SOG,Sogamoso,24.039,12.712093,11.326906646728517,baja,False,False,"Monitorear patrón; si se repite, revisar operación y registrar causa."
2025-04-11 11:00:00,UPTC_TUN,Tunja,10.313,21.636797,11.323796951293945,baja,False,False,"Monitorear patrón; si se repite, revisar operación y registrar causa."
2025-08-03 10:00:00,UPTC_DUI,Duitama,-5.763,5.553756,11.31675623703003,baja,True,False,"Monitorear patrón; si se repite, revisar operación y registrar causa."
2025-04-09 17:00:00,UPTC_SOG,Sogamoso,24.617,13.357722,11.259277717590333,baja,False,False,"Monitorear patrón; si se repite, revisar operación y registrar causa."
2024-09-18 03:00:00,UPTC_SOG,Sogamoso,-6.144,5.0365434,11.180543369293213,baja,False,True,"Monitorear patrón; si se repite, revisar operación y registrar causa."
2025-08-21 09:00:00,UPTC_SOG,Sogamoso,23.723,12.565366,11.157634208679198,baja,False,False,"Monitorear patrón; si se repite, revisar operación y registrar causa."
2025-06-09 09:00:00,UPTC_SOG,Sogamoso,23.207,12.063632,11.143367988586427,baja,False,False,"Monitorear patrón; si se repite, revisar operación y registrar causa."
2025-04-03 07:00:00,UPTC_SOG,Sogamoso,23.962,12.822196,11.139803993225097,baja,False,False,"Monitorear patrón; si se repite, revisar operación y registrar causa."
2025-09-09 14:00:00,UPTC_DUI,Duitama,24.918,13.779169,11.138830917358398,baja,False,False,"Monitorear patrón; si se repite, revisar operación y registrar causa."
2024-09-16 07:00:00,UPTC_SOG,Sogamoso,23.575,12.443766,11.13123435974121,baja,False,False,"Monitorear patrón; si se repite, revisar operación y registrar causa."
2025-07-23 13:00:00,UPTC_TUN,Tunja,-5.691,5.429521,11.120521083831786,baja,False,False,"Monitorear patrón; si se repite, revisar operación y registrar causa."
2025-06-05 15:00:00,UPTC_SOG,Sogamoso,22.632,11.548044,11.083955795288087,baja,False,False,"Monitorear patrón; si se repite, revisar operación y registrar causa."
2025-02-26 22:00:00,UPTC_TUN,Tunja,12.805825762857912,1.7240374,11.081788354029177,baja,False,True,"Monitorear patrón; si se repite, revisar operación y registrar causa."
2025-05-29 11:00:00,UPTC_CHI,Chiquinquirá,0.0,11.073804,11.073803901672363,baja,False,False,"Monitorear patrón; si se repite, revisar operación y registrar causa."
2024-09-06 17:00:00,UPTC_DUI,Duitama,21.331,10.286068,11.044932037353515,baja,False,False,"Monitorear patrón; si se repite, revisar operación y registrar causa."
2025-09-26 07:00:00,UPTC_SOG,Sogamoso,23.317,12.277769,11.039230911254883,baja,False,False,"Monitorear patrón; si se repite, revisar operación y registrar causa."
2024-09-05 16:00:00,UPTC_DUI,Duitama,23.622,12.594633,11.027366897583008,baja,False,False,"Monitorear patrón; si se repite, revisar operación y registrar causa."
2025-10-09 16:00:00,UPTC_SOG,Sogamoso,23.491,12.475629,11.015371147155761,baja,False,False,"Monitorear patrón; si se repite, revisar operación y registrar causa."
2025-04-22 10:00:00,UPTC_SOG,Sogamoso,23.496,12.506976,10.989023872375487,baja,False,False,"Monitorear patrón; si se repite, revisar operación y registrar causa."
2025-04-19 23:00:00,UPTC_DUI,Duitama,-5.832,5.1534824,10.98548243713379,baja,True,True,"Monitorear patrón; si se repite, revisar operación y registrar causa."
2025-04-10 16:00:00,UPTC_SOG,Sogamoso,25.064,14.086022,10.97797762298584,baja,False,False,"Monitorear patrón; si se repite, revisar operación y registrar causa."
2024-08-29 16:00:00,UPTC_SOG,Sogamoso,23.224,12.249495,10.974505447387696,baja,False,False,"Monitorear patrón; si se repite, revisar operación y registrar causa."
2025-04-02 07:00:00,UPTC_SOG,Sogamoso,23.798,12.846422,10.951577804565428,baja,False,False,"Monitorear patrón; si se repite, revisar operación y registrar causa."
2025-05-17 12:00:00,UPTC_SOG,Sogamoso,14.951,25.87693,10.925930236816406,baja,True,False,"Monitorear patrón; si se repite, revisar operación y registrar causa."
2024-08-28 21:00:00,UPTC_DUI,Duitama,-5.369,5.554542,10.923542064666748,baja,False,True,"Monitorear patrón; si se repite, revisar operación y registrar causa."
2025-09-23 16:00:00,UPTC_DUI,Duitama,25.193,14.273968,10.91903225708008,baja,False,False,"Monitorear patrón; si se repite, revisar operación y registrar causa."
2025-07-22 21:00:00,UPTC_DUI,Duitama,-5.657,5.24923,10.906229907989502,baja,False,True,"Monitorear patrón; si se repite, revisar operación y registrar causa."
2025-09-05 07:00:00,UPTC_DUI,Duitama,24.246,13.3670225,10.878977485656737,baja,False,False,"Monitorear patrón; si se repite, revisar operación y registrar causa."
2025-06-04 10:00:00,UPTC_SOG,Sogamoso,23.278,12.421738,10.856262329101561,baja,False,False,"Monitorear patrón; si se repite, revisar operación y registrar causa."
2025-04-12 06:00:00,UPTC_SOG,Sogamoso,-5.667,5.1784363,10.845436279296875,baja,True,False,"Monitorear patrón; si se repite, revisar operación y registrar causa."
2025-10-10 09:00:00,UPTC_SOG,Sogamoso,23.517,12.69527,10.821730415344238,baja,False,False,"Monitorear patrón; si se repite, revisar operación y registrar causa."
2025-05-23 11:00:00,UPTC_DUI,Duitama,23.448,12.629331,10.8186693649292,baja,False,False,"Monitorear patrón; si se repite, revisar operación y registrar causa."
2025-06-02 16:00:00,UPTC_SOG,Sogamoso,22.423,11.634807,10.788193367004393,baja,False,False,"Monitorear patrón; si se repite, revisar operación y registrar causa."
2025-04-16 23:00:00,UPTC_SOG,Sogamoso,-5.851,4.934272,10.785271812438964,baja,False,True,"Monitorear patrón; si se repite, revisar operación y registrar causa."
2025-05-05 15:00:00,UPTC_SOG,Sogamoso,24.54,13.762697,10.777302780151366,baja,False,False,"Monitorear patrón; si se repite, revisar operación y registrar causa."
2025-05-20 22:00:00,UPTC_DUI,Duitama,-5.703,5.064111,10.767111232757568,baja,False,True,"Monitorear patrón; si se repite, revisar operación y registrar causa."
2025-01-01 05:00:00,UPTC_TUN,Tunja,12.599165246929768,1.8355104,10.763654873814229,baja,False,True,"Monitorear patrón; si se repite, revisar operación y registrar causa."
2025-03-24 15:00:00,UPTC_DUI,Duitama,17.955,28.709013,10.754012985229494,baja,False,False,"Monitorear patrón; si se repite, revisar operación y registrar causa."
2024-09-04 09:00:00,UPTC_DUI,Duitama,25.375,14.637593,10.737406730651855,baja,False,False,"Monitorear patrón; si se repite, revisar operación y registrar causa."
2025-04-29 16:00:00,UPTC_DUI,Duitama,22.307,33.013634,10.706633728027345,baja,False,False,"Monitorear patrón; si se repite, revisar operación y registrar causa."
2025-06-12 15:00:00,UPTC_DUI,Duitama,22.798,12.105378,10.692621849060057,baja,False,False,"Monitorear patrón; si se repite, revisar operación y registrar causa."
2025-06-12 08:00:00,UPTC_DUI,Duitama,23.589,12.914402,10.674597991943358,baja,False,False,"Monitorear patrón; si se repite, revisar operación y registrar causa."
2025-04-17 07:00:00,UPTC_DUI,Duitama,24.37,13.708484,10.661516304016114,baja,False,False,"Monitorear patrón; si se repite, revisar operación y registrar causa."
2024-09-30 07:00:00,UPTC_SOG,Sogamoso,23.218,12.558941,10.659059112548828,baja,False,False,"Monitorear patrón; si se repite, revisar operación y registrar causa."
2025-06-14 04:00:00,UPTC_SOG,Sogamoso,-5.532,5.108984,10.640983993530273,baja,True,True,"Monitorear patrón; si se repite, revisar operación y registrar causa."
2025-06-11 09:00:00,UPTC_DUI,Duitama,23.726,13.085109,10.640891242980956,baja,False,False,"Monitorear patrón; si se repite, revisar operación y registrar causa."
2024-09-17 05:00:00,UPTC_DUI,Duitama,-5.658,4.97174,10.629739768981935,baja,False,True,"Monitorear patrón; si se repite, revisar operación y registrar causa."
2024-09-23 15:00:00,UPTC_DUI,Duitama,23.814,13.186348,10.627652038574219,baja,False,False,"Monitorear patrón; si se repite, revisar operación y registrar causa."
2024-09-05 11:00:00,UPTC_DUI,Duitama,26.069,15.472082,10.596917861938476,baja,False,False,"Monitorear patrón; si se repite, revisar operación y registrar causa."
2024-09-05 07:00:00,UPTC_SOG,Sogamoso,23.233,12.652811,10.580188949584961,baja,False,False,"Monitorear patrón; si se repite, revisar operación y registrar causa."
2025-07-09 08:00:00,UPTC_DUI,Duitama,0.0,10.570795,10.570795059204102,baja,False,False,"Monitorear patrón; si se repite, revisar operación y registrar causa."
2025-04-17 07:00:00,UPTC_SOG,Sogamoso,24.121,13.571188,10.549812026977538,baja,False,False,"Monitorear patrón; si se repite, revisar operación y registrar causa."
2024-10-14 09:00:00,UPTC_SOG,Sogamoso,23.501,12.962888,10.53811223602295,baja,False,False,"Monitorear patrón; si se repite, revisar operación y registrar causa."
2025-05-08 10:00:00,UPTC_SOG,Sogamoso,24.667,14.162822,10.504178230285646,baja,False,False,"Monitorear patrón; si se repite, revisar operación y registrar causa."
2025-09-19 10:00:00,UPTC_SOG,Sogamoso,24.786,14.306539,10.479461418151857,baja,False,False,"Monitorear patrón; si se repite, revisar operación y registrar causa."
2025-04-22 08:00:00,UPTC_SOG,Sogamoso,24.568,14.098519,10.469480674743654,baja,False,False,"Monitorear patrón; si se repite, revisar operación y registrar causa."
2024-09-11 10:00:00,UPTC_TUN,Tunja,10.009,20.45868,10.44967919921875,baja,False,False,"Monitorear patrón; si se repite, revisar operación y registrar causa."
2025-02-12 15:00:00,UPTC_CHI,Chiquinquirá,7.289,17.72393,10.434930358886719,baja,False,False,"Monitorear patrón; si se repite, revisar operación y registrar causa."
2025-09-24 07:00:00,UPTC_SOG,Sogamoso,22.864,12.43089,10.433109916687012,baja,False,False,"Monitorear patrón; si se repite, revisar operación y registrar causa."
2025-08-10 19:00:00,UPTC_SOG,Sogamoso,-5.319,5.0959578,10.41495775604248,baja,True,False,"Monitorear patrón; si se repite, revisar operación y registrar causa."
2025-04-21 16:00:00,UPTC_SOG,Sogamoso,23.797,13.409822,10.387177536010743,baja,False,False,"Monitorear patrón; si se repite, revisar operación y registrar causa."
2024-12-02 07:00:00,UPTC_DUI,Duitama,18.49,8.102978,10.387022247314452,baja,False,False,"Monitorear patrón; si se repite, revisar operación y registrar causa."
2024-10-28 17:00:00,UPTC_SOG,Sogamoso,21.805,11.425596,10.379403762817383,baja,False,False,"Monitorear patrón; si se repite, revisar operación y registrar causa."
2024-10-09 17:00:00,UPTC_SOG,Sogamoso,21.019,10.66037,10.358630126953123,baja,False,False,"Monitorear patrón; si se repite, revisar operación y registrar causa."
2025-06-05 08:00:00,UPTC_DUI,Duitama,23.135,12.784101,10.350899467468263,baja,False,False,"Monitorear patrón; si se repite, revisar operación y registrar causa."
2025-06-09 15:00:00,UPTC_DUI,Duitama,22.916,12.566172,10.349828353881836,baja,False,False,"Monitorear patrón; si se repite, revisar operación y registrar causa."
2025-09-09 07:00:00,UPTC_SOG,Sogamoso,23.804,13.465228,10.338771919250487,baja,False,False,"Monitorear patrón; si se repite, revisar operación y registrar causa."
2025-04-24 11:00:00,UPTC_SOG,Sogamoso,24.008,13.687541,10.320458992004394,baja,False,False,"Monitorear patrón; si se repite, revisar operación y registrar causa."
2025-04-28 09:00:00,UPTC_DUI,Duitama,24.994,14.678752,10.315248054504394,baja,False,False,"Monitorear patrón; si se repite, revisar operación y registrar causa."
2025-04-08 08:00:00,UPTC_DUI,Duitama,23.342,13.071014,10.270985595703124,baja,False,False,"Monitorear patrón; si se repite, revisar operación y registrar causa."
2024-09-24 16:00:00,UPTC_DUI,Duitama,22.899,12.641132,10.257867645263673,baja,False,False,"Monitorear patrón; si se repite, revisar operación y registrar causa."
2025-05-22 07:00:00,UPTC_SOG,Sogamoso,23.819,13.612733,10.206267112731933,baja,False,False,"Monitorear patrón; si se repite, revisar operación y registrar causa."
2024-08-29 11:00:00,UPTC_SOG,Sogamoso,22.567,12.380806,10.186194030761719,baja,False,False,"Monitorear patrón; si se repite, revisar operación y registrar causa."
2025-01-31 07:00:00,UPTC_DUI,Duitama,20.151,9.996374,10.154625869750976,baja,False,False,"Monitorear patrón; si se repite, revisar operación y registrar causa."
2025-10-27 12:00:00,UPTC_DUI,Duitama,0.0,10.147076,10.147075653076172,baja,False,False,"Monitorear patrón; si se repite, revisar operación y registrar causa."
2025-05-14 04:00:00,UPTC_SOG,Sogamoso,-5.918,4.2263966,10.144396560668945,baja,False,True,"Monitorear patrón; si se repite, revisar operación y registrar causa."
2025-04-05 16:00:00,UPTC_CHI,Chiquinquirá,11.423338173545485,1.3043646,10.118973611510878,baja,True,False,"Monitorear patrón; si se repite, revisar operación y registrar causa."
2025-06-23 12:00:00,UPTC_SOG,Sogamoso,0.0,10.101099,10.101099014282227,baja,False,False,"Monitorear patrón; si se repite, revisar operación y registrar causa."
2024-12-04 14:00:00,UPTC_DUI,Duitama,17.092,6.9989905,10.093009464263915,baja,False,False,"Monitorear patrón; si se repite, revisar operación y registrar causa."
2025-09-09 11:00:00,UPTC_DUI,Duitama,26.767,16.688206,10.078794281005859,baja,False,False,"Monitorear patrón; si se repite, revisar operación y registrar causa."
2024-09-27 10:00:00,UPTC_SOG,Sogamoso,23.699,13.646022,10.052978157043459,baja,False,False,"Monitorear patrón; si se repite, revisar operación y registrar causa."
2025-09-15 17:00:00,UPTC_DUI,Duitama,22.118,12.091514,10.026486366271971,baja,False,False,"Monitorear patrón; si se repite, revisar operación y registrar causa."
2025-08-29 14:00:00,UPTC_DUI,Duitama,20.829,10.808949,10.020050529479981,baja,False,False,"Monitorear patrón; si se repite, revisar operación y registrar causa."
2025-05-19 16:00:00,UPTC_DUI,Duitama,24.091,14.0824995,10.008500495910646,baja,False,False,"Monitorear patrón; si se repite, revisar operación y registrar causa."
2025-09-18 08:00:00,UPTC_SOG,Sogamoso,23.905,13.899562,10.005438117980958,baja,False,False,"Monitorear patrón; si se repite, revisar operación y registrar causa."
2025-09-04 10:00:00,UPTC_DUI,Duitama,25.687,15.684824,10.002176010131837,baja,False,False,"Monitorear patrón; si se repite, revisar operación y registrar causa."
2025-05-12 09:00:00,UPTC_DUI,Duitama,24.256,14.279788,9.976211982727051,baja,False,False,"Monitorear patrón; si se repite, revisar operación y registrar causa."
2024-09-26 10:00:00,UPTC_SOG,Sogamoso,23.933,13.980756,9.952244194030762,baja,False,False,"Monitorear patrón; si se repite, revisar operación y registrar causa."
2025-04-30 09:00:00,UPTC_DUI,Duitama,25.225,15.273931,9.95106945037842,baja,False,False,"Monitorear patrón; si se repite, revisar operación y registrar causa."
2025-09-09 09:00:00,UPTC_SOG,Sogamoso,24.512,14.5618515,9.950148498535157,baja,False,False,"Monitorear patrón; si se repite, revisar operación y registrar causa."
2025-06-06 14:00:00,UPTC_SOG,Sogamoso,17.291,7.3513975,9.939602485656739,baja,False,False,"Monitorear patrón; si se repite, revisar operación y registrar causa."
2025-05-15 17:00:00,UPTC_DUI,Duitama,23.468,13.547872,9.920128410339355,baja,False,False,"Monitorear patrón; si se repite, revisar operación y registrar causa."
2025-09-18 15:00:00,UPTC_SOG,Sogamoso,23.682,13.77649,9.905509788513182,baja,False,False,"Monitorear patrón; si se repite, revisar operación y registrar causa."
2025-04-28 10:00:00,UPTC_SOG,Sogamoso,24.17,14.267546,9.90245429992676,baja,False,False,"Monitorear patrón; si se repite, revisar operación y registrar causa."
2025-05-02 11:00:00,UPTC_TUN,Tunja,11.008,20.908531,9.900531188964845,baja,False,False,"Monitorear patrón; si se repite, revisar operación y registrar causa."
2024-11-25 17:00:00,UPTC_SOG,Sogamoso,21.24,11.350173,9.889827003479002,baja,False,False,"Monitorear patrón; si se repite, revisar operación y registrar causa."
2025-05-08 10:00:00,UPTC_DUI,Duitama,25.268,15.380031,9.887969367980958,baja,False,False,"Monitorear patrón; si se repite, revisar operación y registrar causa."
2024-11-18 08:00:00,UPTC_SOG,Sogamoso,22.813,12.935045,9.877954757690429,baja,False,False,"Monitorear patrón; si se repite, revisar operación y registrar causa."
2025-05-28 08:00:00,UPTC_DUI,Duitama,25.098,15.225325,9.872675369262694,baja,False,False,"Monitorear patrón; si se repite, revisar operación y registrar causa."
2024-09-20 07:00:00,UPTC_SOG,Sogamoso,23.117,13.2603245,9.856675521850587,baja,False,False,"Monitorear patrón; si se repite, revisar operación y registrar causa."
2025-05-23 08:00:00,UPTC_DUI,Duitama,22.716,12.8695345,9.846465507507325,baja,False,False,"Monitorear patrón; si se repite, revisar operación y registrar causa."
2024-09-27 08:00:00,UPTC_TUN,Tunja,0.0,9.805296,9.805295944213867,baja,False,False,"Monitorear patrón; si se repite, revisar operación y registrar causa."
2025-06-05 09:00:00,UPTC_DUI,Duitama,22.796,13.006982,9.78901815032959,baja,False,False,"Monitorear patrón; si se repite, revisar operación y registrar causa."
2025-05-15 15:00:00,UPTC_DUI,Duitama,21.902,12.1234,9.77860026550293,baja,False,False,"Monitorear patrón; si se repite, revisar operación y registrar causa."
2025-10-23 17:00:00,UPTC_SOG,Sogamoso,20.78,11.00329,9.7767098236084,baja,False,False,"Monitorear patrón; si se repite, revisar operación y registrar causa."
2025-10-10 07:00:00,UPTC_TUN,Tunja,9.782,19.552036,9.77003628540039,baja,False,False,"Monitorear patrón; si se repite, revisar operación y registrar causa."
2024-11-18 07:00:00,UPTC_DUI,Duitama,16.513,26.268642,9.755642425537108,baja,False,False,"Monitorear patrón; si se repite, revisar operación y registrar causa."
2025-01-08 07:00:00,UPTC_TUN,Tunja,11.173920309494273,1.4337451,9.740175163696543,baja,False,False,"Monitorear patrón; si se repite, revisar operación y registrar causa."
2025-10-14 16:00:00,UPTC_SOG,Sogamoso,21.135,11.419003,9.715997467041017,baja,False,False,"Monitorear patrón; si se repite, revisar operación y registrar causa."
2025-01-27 07:00:00,UPTC_TUN,Tunja,0.0,9.715945,9.71594524383545,baja,False,False,"Monitorear patrón; si se repite, revisar operación y registrar causa."
2025-01-27 07:00:00,UPTC_TUN,Tunja,0.0,9.715945,9.71594524383545,baja,False,False,"Monitorear patrón; si se repite, revisar operación y registrar causa."
2025-09-10 10:00:00,UPTC_DUI,Duitama,24.674,15.001397,9.672602867126464,baja,False,False,"Monitorear patrón; si se repite, revisar operación y registrar causa."
2024-11-04 08:00:00,UPTC_CHI,Chiquinquirá,7.37,17.040686,9.670685653686522,baja,False,False,"Monitorear patrón; si se repite, revisar operación y registrar causa."
2024-12-05 11:00:00,UPTC_DUI,Duitama,17.063,7.3943615,9.66863850402832,baja,False,False,"Monitorear patrón; si se repite, revisar operación y registrar causa."
2024-12-05 09:00:00,UPTC_DUI,Duitama,16.981,7.3232093,9.657790714263918,baja,False,False,"Monitorear patrón; si se repite, revisar operación y registrar causa."
2025-01-27 11:00:00,UPTC_SOG,Sogamoso,20.647,10.994281,9.652719184875487,baja,False,False,"Monitorear patrón; si se repite, revisar operación y registrar causa."
2025-05-13 14:00:00,UPTC_DUI,Duitama,24.086,14.438712,9.647287879943846,baja,False,False,"Monitorear patrón; si se repite, revisar operación y registrar causa."
2025-01-20 17:00:00,UPTC_DUI,Duitama,19.651,10.004764,9.64623639678955,baja,False,False,"Monitorear patrón; si se repite, revisar operación y registrar causa."
2025-04-21 14:00:00,UPTC_SOG,Sogamoso,23.304,13.675909,9.6280909576416,baja,False,False,"Monitorear patrón; si se repite, revisar operación y registrar causa."
2025-04-21 17:00:00,UPTC_SOG,Sogamoso,22.77,13.142954,9.627046127319336,baja,False,False,"Monitorear patrón; si se repite, revisar operación y registrar causa."
2025-05-08 15:00:00,UPTC_SOG,Sogamoso,22.876,13.249963,9.626037193298341,baja,False,False,"Monitorear patrón; si se repite, revisar operación y registrar causa."
2025-02-25 14:00:00,UPTC_TUN,Tunja,8.308,17.928307,9.620306579589844,baja,False,False,"Monitorear patrón; si se repite, revisar operación y registrar causa."
2024-10-28 08:00:00,UPTC_SOG,Sogamoso,21.798,12.180804,9.617195747375487,baja,False,False,"Monitorear patrón; si se repite, revisar operación y registrar causa."
2025-05-14 16:00:00,UPTC_SOG,Sogamoso,22.922,13.311898,9.610101768493653,baja,False,False,"Monitorear patrón; si se repite, revisar operación y registrar causa."
2025-04-22 11:00:00,UPTC_DUI,Duitama,24.89,15.286786,9.603213920593262,baja,False,False,"Monitorear patrón; si se repite, revisar operación y registrar causa."
2024-10-29 08:00:00,UPTC_SOG,Sogamoso,21.712,12.113033,9.598966705322265,baja,False,False,"Monitorear patrón; si se repite, revisar operación y registrar causa."
2025-06-10 00:00:00,UPTC_CHI,Chiquinquirá,10.960133568878948,1.367607,9.592526571389019,baja,False,True,"Monitorear patrón; si se repite, revisar operación y registrar causa."
2024-09-24 09:00:00,UPTC_DUI,Duitama,24.588,15.006219,9.581781089782716,baja,False,False,"Monitorear patrón; si se repite, revisar operación y registrar causa."
2024-09-02 14:00:00,UPTC_SOG,Sogamoso,23.629,14.047627,9.581372550964357,baja,False,False,"Monitorear patrón; si se repite, revisar operación y registrar causa."
2025-06-12 14:00:00,UPTC_SOG,Sogamoso,21.672,12.116656,9.555343696594239,baja,False,False,"Monitorear patrón; si se repite, revisar operación y registrar causa."
2025-04-11 11:00:00,UPTC_SOG,Sogamoso,21.769,12.220216,9.548784202575682,baja,False,False,"Monitorear patrón; si se repite, revisar operación y registrar causa."
2025-01-27 07:00:00,UPTC_CHI,Chiquinquirá,0.0,9.547322,9.547322273254395,baja,False,False,"Monitorear patrón; si se repite, revisar operación y registrar causa."
2025-04-11 07:00:00,UPTC_SOG,Sogamoso,23.118,13.578117,9.53988262939453,baja,False,False,"Monitorear patrón; si se repite, revisar operación y registrar causa."
2024-11-22 09:00:00,UPTC_SOG,Sogamoso,21.545,12.008587,9.53641311645508,baja,False,False,"Monitorear patrón; si se repite, revisar operación y registrar causa."
2025-06-01 02:00:00,UPTC_CHI,Chiquinquirá,10.518307638273944,0.9842796,9.53402806531023,baja,True,True,"Monitorear patrón; si se repite, revisar operación y registrar causa."
2025-05-09 15:00:00,UPTC_SOG,Sogamoso,15.883,6.349334,9.53366623687744,baja,False,False,"Monitorear patrón; si se repite, revisar operación y registrar causa."
2025-09-08 18:00:00,UPTC_SOG,Sogamoso,0.0,9.532227,9.5322265625,baja,False,False,"Monitorear patrón; si se repite, revisar operación y registrar causa."
2024-10-21 07:00:00,UPTC_TUN,Tunja,0.0,9.524182,9.524182319641113,baja,False,False,"Monitorear patrón; si se repite, revisar operación y registrar causa."
2025-09-22 16:00:00,UPTC_DUI,Duitama,23.289,13.77194,9.51705976867676,baja,False,False,"Monitorear patrón; si se repite, revisar operación y registrar causa."
2025-10-25 13:00:00,UPTC_CHI,Chiquinquirá,10.803356625761044,1.2932249,9.5101316949978,baja,True,False,"Monitorear patrón; si se repite, revisar operación y registrar causa."
2025-10-08 16:00:00,UPTC_SOG,Sogamoso,21.526,12.020846,9.505153633117676,baja,False,False,"Monitorear patrón; si se repite, revisar operación y registrar causa."
2024-09-25 14:00:00,UPTC_SOG,Sogamoso,22.942,13.437754,9.504246322631836,baja,False,False,"Monitorear patrón; si se repite, revisar operación y registrar causa."
2025-05-07 17:00:00,UPTC_DUI,Duitama,23.813,14.3197,9.493299758911132,baja,False,False,"Monitorear patrón; si se repite, revisar operación y registrar causa."
